protein,mutation,organism_type,gh_family,temperature_K,wt_rmsf_mean_nm,mut_rmsf_mean_nm,delta_mut_minus_wt_rmsf_mean_nm
B0ZSE5,NA65G,bacterial,GH11,333,0.5189943722943723,0.6279614718614719,0.1089670995670996
B0ZSE5,NA65G,bacterial,GH11,373,0.5686099567099567,0.8969121212121214,0.3283021645021646
D5UGW9,LA23A,bacterial,GH10,333,0.3011262162162162,0.3803967567567567,0.0792705405405405
D5UGW9,LA23A,bacterial,GH10,373,0.2454397297297297,0.2440656756756756,-0.001374054054054
E3WF08,YA25F,bacterial,GH10,333,0.1492280802292263,0.1345787965616046,-0.0146492836676217
E3WF08,YA25F,bacterial,GH10,373,0.149278223495702,0.1521131805157593,0.0028349570200572
Q60041,NA33G,bacterial,GH10,333,0.1986187861271676,0.2014543352601155,0.0028355491329479
Q60041,NA33G,bacterial,GH10,373,0.2935190751445087,0.2673780346820809,-0.0261410404624277
Q9HEN6,YA14P,fungal,GH11,333,0.1421131578947368,0.1786280701754385,0.0365149122807017
Q9HEN6,YA14P,fungal,GH11,373,0.2255859649122806,0.2523859649122807,0.0268
Q9HGX1,DA11K,fungal,GH10,333,0.1461064615384615,0.1358704615384615,-0.010236
Q9HGX1,DA11K,fungal,GH10,373,0.2275944615384615,0.1662775384615384,-0.061316923076923
