protein,mutation,organism_type,gh_family,temperature_K,wt_hbond_mean,mut_hbond_mean,delta_mut_minus_wt_hbond_mean
B0ZSE5,NA65G,bacterial,GH11,333,174.26573426573427,168.8171828171828,-5.448551448551456
B0ZSE5,NA65G,bacterial,GH11,373,179.1878121878122,172.84615384615384,-6.341658341658359
D5UGW9,LA23A,bacterial,GH10,333,272.2187812187812,274.16783216783216,1.9490509490509569
D5UGW9,LA23A,bacterial,GH10,373,281.1728271728272,278.34765234765234,-2.8251748251748268
E3WF08,YA25F,bacterial,GH10,333,280.8951048951049,280.1208791208791,-0.7742257742257834
E3WF08,YA25F,bacterial,GH10,373,286.7952047952048,283.7172827172827,-3.0779220779220395
Q60041,NA33G,bacterial,GH10,333,276.0659340659341,277.2097902097902,1.1438561438561123
Q60041,NA33G,bacterial,GH10,373,262.2167832167832,270.8061938061938,8.58941058941059
Q9HEN6,YA14P,fungal,GH11,333,84.37962037962038,86.22677322677323,1.847152847152856
Q9HEN6,YA14P,fungal,GH11,373,80.92507492507492,79.18081918081919,-1.7442557442557387
Q9HGX1,DA11K,fungal,GH10,333,248.03996003996005,246.65734265734267,-1.3826173826173829
Q9HGX1,DA11K,fungal,GH10,373,242.63836163836163,241.24175824175825,-1.396603396603382
