protein,temperature_K,mutation,organism_type,gh_family,wt_rmsd_mean_nm,mut_rmsd_mean_nm,delta_mut_minus_wt_rmsd_mean_nm,wt_rmsd_late_mean_nm,mut_rmsd_late_mean_nm,delta_mut_minus_wt_rmsd_late_mean_nm,wt_rmsf_mean_nm,mut_rmsf_mean_nm,delta_mut_minus_wt_rmsf_mean_nm,wt_rg_mean_nm,mut_rg_mean_nm,delta_mut_minus_wt_rg_mean_nm,wt_rg_late_mean_nm,mut_rg_late_mean_nm,delta_mut_minus_wt_rg_late_mean_nm,wt_hbond_mean,mut_hbond_mean,delta_mut_minus_wt_hbond_mean,wt_hbond_late_mean,mut_hbond_late_mean,delta_mut_minus_wt_hbond_late_mean,wt_dssp_helix_mean_fraction,mut_dssp_helix_mean_fraction,delta_mut_minus_wt_dssp_helix_mean_fraction,wt_dssp_sheet_mean_fraction,mut_dssp_sheet_mean_fraction,delta_mut_minus_wt_dssp_sheet_mean_fraction,wt_dssp_turn_bend_mean_fraction,mut_dssp_turn_bend_mean_fraction,delta_mut_minus_wt_dssp_turn_bend_mean_fraction,wt_dssp_coil_mean_fraction,mut_dssp_coil_mean_fraction,delta_mut_minus_wt_dssp_coil_mean_fraction,wt_dssp_helix_mean_count,mut_dssp_helix_mean_count,delta_mut_minus_wt_dssp_helix_mean_count,wt_dssp_sheet_mean_count,mut_dssp_sheet_mean_count,delta_mut_minus_wt_dssp_sheet_mean_count,wt_dssp_turn_bend_mean_count,mut_dssp_turn_bend_mean_count,delta_mut_minus_wt_dssp_turn_bend_mean_count,wt_dssp_coil_mean_count,mut_dssp_coil_mean_count,delta_mut_minus_wt_dssp_coil_mean_count
B0ZSE5,333,NA65G,bacterial,GH11,1.588079992807193,1.3776487759240759,-0.21043121688311706,1.7328691908183633,1.6315772818363272,-0.1012919089820361,0.5189943722943723,0.6279614718614719,0.1089670995670996,2.098687672327672,2.4498418981018983,0.35115422577422617,1.944435868263473,2.308416606786427,0.3639807385229541,174.26573426573427,168.8171828171828,-5.448551448551456,179.22355289421156,172.08582834331338,-7.137724550898184,,,,,,,,,,,,,,,,,,,,,,,,
B0ZSE5,373,NA65G,bacterial,GH11,1.5659749781218781,1.8764616755244754,0.31048669740259727,1.7122635568862274,2.2693877421157684,0.557124185229541,0.5686099567099567,0.8969121212121214,0.32830216450216465,2.2767985014985013,2.1465896703296705,-0.13020883116883075,2.0670186626746507,1.8716036926147706,-0.19541497005988018,179.1878121878122,172.84615384615384,-6.341658341658359,185.22155688622755,174.87225548902197,-10.34930139720558,,,,,,,,,,,,,,,,,,,,,,,,
D5UGW9,333,LA23A,bacterial,GH10,1.1554440465534466,1.220983406993007,0.06553936043956043,1.2321829818363272,1.3543566449101796,0.12217366307385236,0.3011262162162162,0.38039675675675677,0.07927054054054056,2.2675764235764237,2.281292937062937,0.013716513486513371,2.2202320359281438,2.1394760279441116,-0.08075600798403215,272.2187812187812,274.16783216783216,1.9490509490509567,274.23952095808386,275.86027944111777,1.6207584830339101,,,,,,,,,,,,,,,,,,,,,,,,
D5UGW9,373,LA23A,bacterial,GH10,1.0256937975024976,0.8211338698301698,-0.20455992767232778,1.130427390818363,0.8148121089820359,-0.31561528183632714,0.24543972972972974,0.24406567567567566,-0.0013740540540540802,2.0523570029970033,2.1624702997003,0.11011329670329673,2.0099411576846307,2.1717199800399203,0.16177882235528962,281.17282717282717,278.34765234765234,-2.8251748251748268,286.0259481037924,279.0239520958084,-7.001996007984019,,,,,,,,,,,,,,,,,,,,,,,,
E3WF08,333,YA25F,bacterial,GH10,0.4286407916083916,0.33244974785214787,-0.09619104375624371,0.46990483073852296,0.33764282015968067,-0.1322620105788423,0.14922808022922635,0.1345787965616046,-0.014649283667621749,2.0977968131868137,2.074062897102897,-0.02373391608391673,2.0923488822355294,2.0669618962075846,-0.025386986027944758,280.8951048951049,280.1208791208791,-0.7742257742257834,284.7345309381237,279.8622754491018,-4.8722554890219385,,,,,,,,,,,,,,,,,,,,,,,,
E3WF08,373,YA25F,bacterial,GH10,0.34636369290709296,0.3260552216783217,-0.020308471228771274,0.3693284271457086,0.3467263129740519,-0.02260211417165675,0.14927822349570202,0.1521131805157593,0.0028349570200572882,2.102765984015984,2.1073505094905096,0.0045845254745255914,2.103787864271457,2.1041899201596803,0.00040205588822317395,286.79520479520477,283.7172827172827,-3.0779220779220395,288.6307385229541,289.98802395209583,1.3572854291417116,,,,,,,,,,,,,,,,,,,,,,,,
Q60041,333,NA33G,bacterial,GH10,0.6063241052947053,0.6942658553446553,0.08794175004995008,0.7030772067864272,0.6629641165668662,-0.040113090219561,0.19861878612716763,0.20145433526011558,0.002835549132947951,2.094093006993007,2.143184915084915,0.04909190809190811,2.078341636726547,2.107788003992016,0.029446367265468787,276.0659340659341,277.2097902097902,1.1438561438561123,279.59680638722557,280.373253493014,0.7764471057884066,,,,,,,,,,,,,,,,,,,,,,,,
Q60041,373,NA33G,bacterial,GH10,0.7948873076923076,0.6613814697302698,-0.13350583796203785,0.8854351852295409,0.770375791017964,-0.11505939421157685,0.2935190751445087,0.26737803468208093,-0.026141040462427767,2.2049709990009987,2.1572379820179823,-0.04773301698301635,2.1263274850299396,2.160943433133732,0.03461594810379243,262.2167832167832,270.8061938061938,8.58941058941059,267.0419161676647,271.8383233532934,4.796407185628709,,,,,,,,,,,,,,,,,,,,,,,,
Q9HEN6,333,YA14P,fungal,GH11,0.2869539142857143,0.3363265522477522,0.04937263796203789,0.28663259361277443,0.375761025748503,0.08912843213572857,0.14211315789473683,0.17862807017543858,0.03651491228070175,1.4023525474525473,1.4153541958041957,0.01300164835164841,1.397802614770459,1.4187963672654689,0.0209937524950099,84.37962037962038,86.22677322677323,1.8471528471528558,89.29740518962076,87.9880239520958,-1.3093812375249598,,,,,,,,,,,,,,,,,,,,,,,,
Q9HEN6,373,YA14P,fungal,GH11,0.411087193006993,0.4741664402597403,0.06307924725274733,0.47947295449101796,0.5524797636726547,0.07300680918163677,0.22558596491228067,0.2523859649122807,0.026800000000000046,1.434796043956044,1.4392751548451548,0.004479110889110682,1.4440851896207585,1.4409136726546905,-0.0031715169660679887,80.92507492507492,79.18081918081919,-1.7442557442557387,80.87624750499002,79.32534930139721,-1.5508982035928085,,,,,,,,,,,,,,,,,,,,,,,,
Q9HGX1,333,DA11K,fungal,GH10,0.34724263536463534,0.5033233508491509,0.15608071548451558,0.34601889221556886,0.5223139972055888,0.17629510499001994,0.14610646153846155,0.13587046153846152,-0.010236000000000023,1.9854111588411587,1.9525556143856144,-0.03285554445554428,1.9769484231536927,1.9467964271457083,-0.03015199600798435,248.03996003996005,246.65734265734267,-1.3826173826173829,248.72654690618762,248.29341317365268,-0.4331337325349409,,,,,,,,,,,,,,,,,,,,,,,,
Q9HGX1,373,DA11K,fungal,GH10,0.666689901998002,0.4573321967032967,-0.20935770529470532,0.6871371345309382,0.48304536806387227,-0.2040917664670659,0.22759446153846152,0.16627753846153845,-0.061316923076923074,2.036927852147852,2.00227998001998,-0.03464787212787224,2.0482313173652695,1.9876226546906188,-0.060608662674650704,242.63836163836163,241.24175824175825,-1.396603396603382,243.76646706586826,243.2255489021956,-0.540918163672643,,,,,,,,,,,,,,,,,,,,,,,,
